Number,Date,Time
HR26DK8337,09-12-2022,20:37:58
TS08FM8888,09-12-2022,20:40:01
MH04JM8765,09-12-2022,20:43:28
,,
21BH2345AAJ,21-01-2023,15:55:34
21BH2345AAI,21-01-2023,15:55:35
21BH2345AA,21-01-2023,15:55:35
21BH2345AA,21-01-2023,15:55:35
21BH2345AA,21-01-2023,15:55:36
121BH2345AA,21-01-2023,15:55:36
21BH2345AAI,21-01-2023,15:55:37
21BH2345AA,21-01-2023,15:55:37
21BH2345AA,21-01-2023,15:55:38
21BH2345AA,21-01-2023,15:55:38
,,
R26005551,29-01-2023,11:19:42
AR26D0555,29-01-2023,11:19:44
TRZ6005557,29-01-2023,11:19:45
FR26005551,29-01-2023,11:19:46
HR26D05551,29-01-2023,11:19:46
TN63DB548,30-01-2023,11:34:32
LTN63DB548,30-01-2023,11:34:33
TN63DB5481,30-01-2023,11:34:34
TN63DB541,30-01-2023,11:34:34
TN63DB54,30-01-2023,11:34:34
21BH1234AA,31-01-2023,11:33:42
21BH1234AA,31-01-2023,11:33:43
7BH21BH1234AA,31-01-2023,11:33:43
21BH1234AA,31-01-2023,11:33:44
71BHOOA,21-02-2023,09:45:56
P21840001AAD,21-02-2023,09:45:56
24BH0001AA,21-02-2023,09:45:57
21BH0001AA,21-02-2023,09:45:58
21BH0001AA,21-02-2023,09:45:58
21BH0001AA,21-02-2023,09:45:59
CGO4MF2250,21-02-2023,12:04:20
CGO4MF2250,21-02-2023,12:04:20
CGO4MF2250,21-02-2023,12:04:52
CGO4NF2250,21-02-2023,12:04:53
CGO4MF2250,21-02-2023,12:04:53
GO4MF2250,21-02-2023,12:04:54
GO4MF2250,21-02-2023,12:04:55
CGO4MF2250,21-02-2023,12:04:55
MMTDDETOS,19-03-2023,13:14:57
NNTODET,19-03-2023,13:15:48
SSNHIZDETA335,19-03-2023,13:15:53
AATODETIO,19-03-2023,13:15:57
MHOANERO,19-03-2023,13:19:09
HOTKEGOT,19-03-2023,13:19:10
MHOINESOT,19-03-2023,13:19:10
HOANESO,19-03-2023,13:19:11
MHOTAECOT,19-03-2023,13:19:13
MOTHESOT,19-03-2023,13:19:13
MHOTAEGOT,19-03-2023,13:19:14
SMHOTAESOT,19-03-2023,13:19:14
HHOTIENOT,19-03-2023,13:19:15
SSMHOTAEBOT,19-03-2023,13:19:15
WHOIREGOTT,19-03-2023,13:19:16
MHOTKESOT,19-03-2023,13:19:17
SMHOTHESOT,19-03-2023,13:19:18
HH12DE14335,19-03-2023,13:20:37
AHIZ2DE14335,19-03-2023,13:20:38
H12DE1433,19-03-2023,13:20:38
KH12DE1433,19-03-2023,13:20:39
HH12DE1433,19-03-2023,13:20:41
HH12DE1433,19-03-2023,13:20:42
MH12DE1433,19-03-2023,13:20:43
4H120E1433H12DE1433,19-03-2023,13:20:44
H12DE1433,19-03-2023,13:20:47
NH12DE1433,19-03-2023,13:20:47
41H12DE1433,19-03-2023,13:20:48
NH12DE1433,19-03-2023,13:20:49
KL47F7878,19-03-2023,22:28:21
KL47F7878,19-03-2023,22:28:23
KL47F7878,19-03-2023,22:28:25
KL55L232,20-03-2023,16:36:09
A552323,20-03-2023,16:36:10
WL55232,20-03-2023,16:36:12
,,
KL10472075,28-03-2023, 12:51:19

IK4757878,29-3-23, 13:33:40
2757879,29-3-23, 13:33:40
P2757878,29-3-23, 13:33:40
PK27578799,29-3-23, 13:33:41
PKL1767879,29-3-23, 13:33:41
PKL47F7872,29-3-23, 13:33:42
PK2757878,29-3-23, 13:33:42
PKL47F7878,29-3-23, 13:33:43
P7F7878,29-3-23, 13:33:43